title,url,thumbnail,channel,description
"I Hunted 100 People For $1,000,000",https://www.youtube.com/watch?v=65fN_OUawjk,https://i.ytimg.com/vi/65fN_OUawjk/hqdefault.jpg?sqp=-oaymwEcCPYBEIoBSFXyq4qpAw4IARUAAIhCGAFwAcABBg==&rs=AOn4CLDWn9wv_tT8anWjucrna3ArzQRY7g,MrBeast,We just opened our very first Beast Burger!! And I’ll be working there all day tomorrow! Come visit us in the American Dream Mall :D New Merch - https://shopmrbeast.com/ SUBSCRIBE OR I TAKE...
"Foo Fighters ft. Shane Hawkins Perform ""My Hero"" | MTV",https://www.youtube.com/watch?v=P2KnD7sfpoA,https://i.ytimg.com/vi/P2KnD7sfpoA/hqdefault.jpg?sqp=-oaymwEcCPYBEIoBSFXyq4qpAw4IARUAAIhCGAFwAcABBg==&rs=AOn4CLDDDdu_oFqAJFsbG_uzhZEe8SjtPA,MTV,"Shane Hawkins joined Foo Fighters as drummer to perform ""My Hero"" at the Taylor Hawkins Tribute Concert. #foofighters #taylorhawkins #shanehawkins Paramount+ is here! Stream all your favorite..."
Race Highlights | 2022 Dutch Grand Prix,https://www.youtube.com/watch?v=Fw0-51X0t8I,https://i.ytimg.com/vi/Fw0-51X0t8I/hqdefault.jpg?sqp=-oaymwEcCPYBEIoBSFXyq4qpAw4IARUAAIhCGAFwAcABBg==&rs=AOn4CLDU4Q2gEQwefVZRzfEaL25hIKoFMw,FORMULA 1,"For more F1® videos, visit https://www.Formula1.com Follow F1®: https://www.instagram.com/F1 https://www.facebook.com/Formula1/ https://www.twitter.com/F1 https://www.twitch.tv/formula1..."
GloRilla -Blessed (Official Music Video),https://www.youtube.com/watch?v=9yvzvUgzxxg,https://i.ytimg.com/vi/9yvzvUgzxxg/hqdefault.jpg?sqp=-oaymwEcCPYBEIoBSFXyq4qpAw4IARUAAIhCGAFwAcABBg==&rs=AOn4CLDPSs59u33eQbFS1Vt2PQ8PX8OP-A,theofficialGloRilla,Stream Blessed here: https://GloRilla.lnk.to/Blessed Follow GloRilla: Instagram: https://www.instagram.com/glorillapimp/ TikTok: https://www.tiktok.com/t/ZTR6WV6SC/ Facebook: https://www.facebook...
"Minecraft Manhunt, But I Confuse My Hunter...",https://www.youtube.com/watch?v=EV0BeuWMUUY,https://i.ytimg.com/vi/EV0BeuWMUUY/hqdefault.jpg?sqp=-oaymwEcCPYBEIoBSFXyq4qpAw4IARUAAIhCGAFwAcABBg==&rs=AOn4CLBdt9WCZkhwdDU5T3DPmmsXLJ48hg,KIER and DEV,"Minecraft Manhunt, But I Confuse My Hunter... Second Channel: @DEV and KIER New Second Channel video: https://www.youtube.com/watch?v=FMmjCyKWZ1I Our Twitch Channels: KIER and DEV: https://w..."
Pick a Video Game Item,https://www.youtube.com/watch?v=blITgj1DF1I,https://i.ytimg.com/vi/blITgj1DF1I/hqdefault.jpg?sqp=-oaymwEcCPYBEIoBSFXyq4qpAw4IARUAAIhCGAFwAcABBg==&rs=AOn4CLA0lD-YNu0IxGNBtsslj8KE1WbMkw,Ice Cream Sandwich,Play now for free on mobile and Steam! If you use my code “ICECREAM” when you join the game you'll get a special in-game gift! i want to do more of these ask community questions because...
"Pokemon but if something can go wrong, it does.",https://www.youtube.com/watch?v=EAgnVFX2pl8,https://i.ytimg.com/vi/EAgnVFX2pl8/hqdefault.jpg?sqp=-oaymwEcCPYBEIoBSFXyq4qpAw4IARUAAIhCGAFwAcABBg==&rs=AOn4CLAGJ3_U1_vEOLyy_XPnrYReBhgT6A,SmallAnt,You should watch me live on Twitch: https://twitch.tv/Smallant ▶Discord: https://discord.gg/Smallant ▶Twitter: https://twitter.com/Smallant ▶Reddit: https://reddit.com/r/Smallant ▶TikTok:...
Uncle Roger LOVE INSANE EGG FRIED RICE TECHNIQUE (ft. Adam Liaw),https://www.youtube.com/watch?v=tCzhkMmZvek,https://i.ytimg.com/vi/tCzhkMmZvek/hqdefault.jpg?sqp=-oaymwEcCPYBEIoBSFXyq4qpAw4IARUAAIhCGAFwAcABBg==&rs=AOn4CLAiAuaq4W9V-50A6xxTXhQl8PAHUw,mrnigelng,"Uncle Wang Gang is back, and this time he making egg fried rice with special technique Uncle Roger never see before... Featuring special guest @Adam Liaw Original weejio: https://youtu.be/ZgdCMwDL..."
The First Punic War - OverSimplified (Part 2),https://www.youtube.com/watch?v=hRSGxw2AQnk,https://i.ytimg.com/vi/hRSGxw2AQnk/hqdefault.jpg?sqp=-oaymwEcCPYBEIoBSFXyq4qpAw4IARUAAIhCGAFwAcABBg==&rs=AOn4CLCSif2I-sR8eUJn_MiiN_hO8vkWTw,OverSimplified,"Play War Thunder now with my link and get a MASSIVE, free bonus pack including vehicles, boosters and more - https://playwt.link/oversimplifiedwt War Thunder is a highly detailed vehicle combat..."
The First Punic War - OverSimplified (Part 1),https://www.youtube.com/watch?v=yRmOWcWdQAo,https://i.ytimg.com/vi/yRmOWcWdQAo/hqdefault.jpg?sqp=-oaymwEcCPYBEIoBSFXyq4qpAw4IARUAAIhCGAFwAcABBg==&rs=AOn4CLB4nuNkAHvURJMX0vcsH56jtA_o5A,OverSimplified,Go to https://nordvpn.com/oversimplified to get an exclusive deal with a huge discount. It’s risk-free with Nord’s 30-day money-back guarantee! MERCH (Bucket Plush and new character pins...
